ref,minOccurs,maxOccurs
nc:Activity,0,unbounded
nc:Conveyance,0,unbounded
nc:ActivityConveyanceAssociationAugmentationPoint,0,unbounded
nc:Document,0,unbounded
nc:ActivityDocumentAssociationAugmentationPoint,0,unbounded
nc:Facility,0,unbounded
nc:ActivityFacilityAssociationAugmentationPoint,0,unbounded
nc:Item,0,unbounded
nc:ActivityItemAssociationAugmentationPoint,0,unbounded
nc:Organization,0,unbounded
nc:ActivityInvolvementAbstract,0,unbounded
nc:ActivityOrganizationAssociationAugmentationPoint,0,unbounded
nc:Person,0,unbounded
nc:ActivityPersonAssociationAugmentationPoint,0,unbounded
nc:ScheduleDay,0,unbounded
nc:ActivityScheduleAssociationAugmentationPoint,0,unbounded
nc:Site,0,unbounded
nc:ActivitySiteAssociationAugmentationPoint,0,unbounded
nc:ActivityIdentification,0,unbounded
nc:ActivityActualDuration,0,unbounded
nc:ActivityApprovedIndicator,0,unbounded
nc:ActivityAssignedDate,0,unbounded
nc:ActivityCapacityQuantity,0,unbounded
nc:ActivityCategoryAbstract,0,unbounded
nc:ActivityComment,0,unbounded
nc:ActivityCompletedIndicator,0,unbounded
nc:ActivityContactEntity,0,unbounded
nc:ActivityDate,0,unbounded
nc:ActivityDescriptionText,0,unbounded
nc:ActivityDisposition,0,unbounded
nc:ActivityDueDate,0,unbounded
nc:ActivityEffectiveDate,0,unbounded
nc:ActivityEstimatedDuration,0,unbounded
nc:ActivityFrequencyText,0,unbounded
nc:ActivityLocation,0,unbounded
nc:ActivityName,0,unbounded
nc:ActivityNarrative,0,unbounded
nc:ActivityPrescribedDuration,0,unbounded
nc:ActivityReasonAbstract,0,unbounded
nc:ActivityReportedDate,0,unbounded
nc:ActivityRequestedDate,0,unbounded
nc:ActivityScheduledDate,0,unbounded
nc:ActivitySequenceNumeric,0,unbounded
nc:ActivityStatus,0,unbounded
nc:ActivityVerifiedDate,0,unbounded
nc:ActivityAugmentationPoint,0,unbounded
nc:AddressGridID,0,unbounded
nc:AddressGridText,0,unbounded
nc:AddressGridAugmentationPoint,0,unbounded
nc:AddressFullText,0,unbounded
nc:AddressPrivateMailboxText,0,unbounded
nc:AddressSecondaryUnitText,0,unbounded
nc:AddressDeliveryPointAbstract,0,unbounded
nc:AddressRecipientName,0,unbounded
nc:AddressCityName,0,unbounded
nc:AddressCountyAbstract,0,unbounded
nc:AddressState,0,unbounded
nc:AddressCountry,0,unbounded
nc:AddressPostalCode,0,unbounded
nc:AddressPostalExtensionCode,0,unbounded
nc:AddressUrbanizationName,0,unbounded
nc:AddressCategoryAbstract,0,unbounded
nc:AddressAugmentationPoint,0,unbounded
nc:AircraftBaseAirport,0,unbounded
nc:AircraftCallSignIdentification,0,unbounded
nc:AircraftCategoryAbstract,0,unbounded
nc:AircraftFuselageColorAbstract,0,unbounded
nc:AircraftMakeAbstract,0,unbounded
nc:AircraftModelAbstract,0,unbounded
nc:AircraftStyleAbstract,0,unbounded
nc:AircraftTailIdentification,0,unbounded
nc:AircraftWingColorAbstract,0,unbounded
nc:AircraftAugmentationPoint,0,unbounded
nc:AirportCodeAbstract,0,unbounded
nc:AirportAugmentationPoint,0,unbounded
nc:Amount,0,unbounded
nc:CurrencyAbstract,0,unbounded
nc:AmountAugmentationPoint,0,unbounded
nc:AngleUnitAbstract,0,unbounded
nc:AngleMeasureAugmentationPoint,0,unbounded
nc:AngularDegreeValue,0,unbounded
nc:AngularMinuteValue,0,unbounded
nc:AngularSecondValue,0,unbounded
nc:AngularMeasureAugmentationPoint,0,unbounded
nc:AngularRateUnitAbstract,0,unbounded
nc:AngularRateMeasureAugmentationPoint,0,unbounded
nc:AnomalyCategoryAbstract,0,unbounded
nc:AnomalyContactInformation,0,unbounded
nc:AnomalyDateTime,0,unbounded
nc:AnomalyDescriptionText,0,unbounded
nc:AnomalyLocation,0,unbounded
nc:AnomalyAugmentationPoint,0,unbounded
nc:AreaMeasureUnitAbstract,0,unbounded
nc:AreaMeasureAugmentationPoint,0,unbounded
nc:AreaDescriptionText,0,unbounded
nc:AreaGeographicAbstract,0,unbounded
nc:AreaRegionAbstract,0,unbounded
nc:AreaAugmentationPoint,0,unbounded
nc:ArrivalDate,0,unbounded
nc:ArrivalEstimatedDate,0,unbounded
nc:ArrivalLocation,0,unbounded
nc:ArrivalAugmentationPoint,0,unbounded
nc:AssessmentAssessor,0,unbounded
nc:AssessmentCategoryAbstract,0,unbounded
nc:AssessmentComment,0,unbounded
nc:AssessmentFee,0,unbounded
nc:AssessmentImage,0,unbounded
nc:AssessmentOutcomeText,0,unbounded
nc:AssessmentPerson,0,unbounded
nc:AssessmentProgram,0,unbounded
nc:AssessmentRecommendation,0,unbounded
nc:AssessmentReferral,0,unbounded
nc:AssessmentReport,0,unbounded
nc:AssessmentScoreAbstract,0,unbounded
nc:AssessmentSummaryText,0,unbounded
nc:AssessmentToolDescriptionText,0,unbounded
nc:AssessmentToolName,0,unbounded
nc:AssessmentAugmentationPoint,0,unbounded
nc:AssociationDateRange,0,unbounded
nc:AssociationDescriptionText,0,unbounded
nc:AssociationAugmentationPoint,0,unbounded
nc:AzimuthAbstract,0,unbounded
nc:InclinationAbstract,0,unbounded
nc:BearingAugmentationPoint,0,unbounded
nc:BinaryHashCode,0,unbounded
nc:BinaryHashFunctionAbstract,0,unbounded
nc:BinaryHashAugmentationPoint,0,unbounded
nc:BinaryID,0,unbounded
nc:BinaryCategoryAbstract,0,unbounded
nc:BinaryHash,0,unbounded
nc:BinaryLocation,0,unbounded
nc:BinaryAvailableIndicator,0,unbounded
nc:BinaryObjectAbstract,0,unbounded
nc:BinaryCaptureDate,0,unbounded
nc:BinaryCapturer,0,unbounded
nc:BinaryDescriptionText,0,unbounded
nc:BinaryFormatAbstract,0,unbounded
nc:BinaryFormatStandardName,0,unbounded
nc:BinaryURI,0,unbounded
nc:BinarySizeValue,0,unbounded
nc:BinaryAugmentationPoint,0,unbounded
nc:CapabilityCategoryAbstract,0,unbounded
nc:CapabilityDescriptionText,0,unbounded
nc:CapabilityEndDate,0,unbounded
nc:CapabilityGeneralCategoryAbstract,0,unbounded
nc:CapabilityIdentification,0,unbounded
nc:CapabilityIsLimitationIndicator,0,unbounded
nc:CapabilityName,0,unbounded
nc:CapabilityProficiencyText,0,unbounded
nc:CapabilityStartDate,0,unbounded
nc:CapabilityAugmentationPoint,0,unbounded
nc:CaseDispositionDecisionText,0,unbounded
nc:CaseDispositionDecisionCategoryAbstract,0,unbounded
nc:CaseDispositionDecisionAugmentationPoint,0,unbounded
nc:CaseDispositionFinalDate,0,unbounded
nc:CaseDispositionDecision,0,unbounded
nc:CaseDispositionAugmentationPoint,0,unbounded
nc:CaseTitleText,0,unbounded
nc:CaseCategoryAbstract,0,unbounded
nc:CaseGeneralCategoryAbstract,0,unbounded
nc:CaseYearDate,0,unbounded
nc:CaseTrackingID,0,unbounded
nc:CaseSubCategoryAbstract,0,unbounded
nc:CaseDocketID,0,unbounded
nc:CaseResolutionText,0,unbounded
nc:CaseFiling,0,unbounded
nc:CaseAugmentationPoint,0,unbounded
nc:CaveatText,0,unbounded
nc:CaveatReferenceDate,0,unbounded
nc:CaveatIssuingAuthorityText,0,unbounded
nc:CaveatAugmentationPoint,0,unbounded
nc:CircularRegionCenterCoordinate,0,unbounded
nc:CircularRegionRadiusLengthMeasure,0,unbounded
nc:CircularRegionAugmentationPoint,0,unbounded
nc:CommentAuthorText,0,unbounded
nc:CommentCreationDate,0,unbounded
nc:CommentText,0,unbounded
nc:CommentTitleText,0,unbounded
nc:CommentAugmentationPoint,0,unbounded
nc:ConditionGroupID,0,unbounded
nc:ConditionSetDate,0,unbounded
nc:ConditionDisciplinaryAction,0,unbounded
nc:ConditionMandatoryIndicator,0,unbounded
nc:ConditionViolatedIndicator,0,unbounded
nc:ConditionViolationAbstract,0,unbounded
nc:ConditionViolationDate,0,unbounded
nc:ConditionAugmentationPoint,0,unbounded
nc:ConsumptionRateUnitAbstract,0,unbounded
nc:ConsumptionRateMeasureAugmentationPoint,0,unbounded
nc:ContactMeansAbstract,0,unbounded
nc:ContactEntity,0,unbounded
nc:ContactEntityDescriptionText,0,unbounded
nc:ContactInformationCategoryAbstract,0,unbounded
nc:ContactInformationDescriptionText,0,unbounded
nc:ContactResponder,0,unbounded
nc:ContactInformationAvailabilityAbstract,0,unbounded
nc:ContactInformationAugmentationPoint,0,unbounded
nc:ContactRadioCategoryAbstract,0,unbounded
nc:ContactRadioChannelText,0,unbounded
nc:ContactRadioCallSignID,0,unbounded
nc:ContactRadioAugmentationPoint,0,unbounded
nc:ConveyanceCategoryAbstract,0,unbounded
nc:ConveyanceCargoText,0,unbounded
nc:ConveyanceEngineQuantity,0,unbounded
nc:ConveyanceFuelCategoryAbstract,0,unbounded
nc:ConveyanceMotorizedIndicator,0,unbounded
nc:ConveyanceTowedIndicator,0,unbounded
nc:ConveyanceUseAbstract,0,unbounded
nc:ConveyanceAugmentationPoint,0,unbounded
nc:CountryRepresentation,0,unbounded
nc:CountryAugmentationPoint,0,unbounded
nc:CrisisIdentification,0,unbounded
nc:CrisisName,0,unbounded
nc:CrisisLocation,0,unbounded
nc:CrisisImage,0,unbounded
nc:CrisisURLID,0,unbounded
nc:CrisisDescriptionText,0,unbounded
nc:CrisisStatus,0,unbounded
nc:CrisisAugmentationPoint,0,unbounded
nc:CrossStreetDescriptionText,0,unbounded
nc:CrossStreetRelativeLocation,0,unbounded
nc:AddressStreet,0,unbounded
nc:CrossStreetAugmentationPoint,0,unbounded
nc:StartDate,0,unbounded
nc:EndDate,0,unbounded
nc:DateRangeAugmentationPoint,0,unbounded
nc:DateRepresentation,0,unbounded
nc:DateAccuracyAbstract,0,1
nc:DateMarginOfErrorDuration,0,1
nc:DateAugmentationPoint,0,unbounded
nc:DecalID,0,unbounded
nc:DecalColorAbstract,0,unbounded
nc:DecalPeriodAbstract,0,unbounded
nc:DecalYearDate,0,unbounded
nc:DecalMonthDate,0,unbounded
nc:DecalAugmentationPoint,0,unbounded
nc:RangeMinimumDecimalValue,0,unbounded
nc:RangeMaximumDecimalValue,0,unbounded
nc:DecimalRangeAugmentationPoint,0,unbounded
nc:DepartureDate,0,unbounded
nc:DepartureEstimatedDate,0,unbounded
nc:DepartureLocation,0,unbounded
nc:DepartureAugmentationPoint,0,unbounded
nc:TelecommunicationDevice,0,unbounded
nc:DeviceUser,0,unbounded
nc:DeviceReceivedInformationAbstract,0,unbounded
nc:DeviceSentInformationAbstract,0,unbounded
nc:DeviceStoredInformationAbstract,0,unbounded
nc:DeviceVisitedInformationAbstract,0,unbounded
nc:DeviceInformationAssociationAugmentationPoint,0,unbounded
nc:DeviceCategoryAbstract,0,unbounded
nc:DeviceESNIdentification,0,unbounded
nc:DeviceIMEIIdentification,0,unbounded
nc:DeviceElectronicAddress,0,unbounded
nc:DeviceStoredContactInformation,0,unbounded
nc:DeviceAugmentationPoint,0,unbounded
nc:DirectDialTelephoneNetworkText,0,unbounded
nc:DirectDialTelephoneNumberID,0,unbounded
nc:DirectDialTelephoneNumberAugmentationPoint,0,unbounded
nc:DisciplinaryActionPerson,0,unbounded
nc:DisciplinaryActionAssigner,0,unbounded
nc:DisciplinaryActionCommunityService,0,unbounded
nc:DisciplinaryActionEnforcer,0,unbounded
nc:DisciplinaryActionCounseling,0,unbounded
nc:DisciplinaryActionFee,0,unbounded
nc:DisciplinaryActionProgram,0,unbounded
nc:DisciplinaryActionRestitution,0,unbounded
nc:DisciplinaryActionAugmentationPoint,0,unbounded
nc:DispositionCategoryAbstract,0,unbounded
nc:DispositionEntity,0,unbounded
nc:DispositionDate,0,unbounded
nc:DispositionDescriptionText,0,unbounded
nc:DispositionReasonAbstract,0,unbounded
nc:DispositionReportedAuthorityText,0,unbounded
nc:DispositionText,0,unbounded
nc:DispositionInstrument,0,unbounded
nc:DispositionAugmentationPoint,0,unbounded
nc:PrimaryDocument,0,unbounded
nc:SecondaryDocument,0,unbounded
nc:DocumentRelationAbstract,0,unbounded
nc:DocumentAssociationAugmentationPoint,0,unbounded
nc:DocumentApprovedIndicator,0,unbounded
nc:DocumentAuthor,0,unbounded
nc:DocumentCategoryAbstract,0,unbounded
nc:DocumentCategoryDescriptionText,0,unbounded
nc:DocumentContentAbstract,0,unbounded
nc:DocumentContentListText,0,unbounded
nc:DocumentContributor,0,unbounded
nc:DocumentCopyrightIndicator,0,unbounded
nc:DocumentCountry,0,unbounded
nc:DocumentCoverageAbstract,0,unbounded
nc:DocumentCreationDate,0,unbounded
nc:DocumentDescriptionText,0,unbounded
nc:DocumentDispositionAuthorityName,0,unbounded
nc:DocumentDispositionInstructionText,0,unbounded
nc:DocumentDisputedIndicator,0,unbounded
nc:DocumentDisputedReasonAbstract,0,unbounded
nc:DocumentEffectiveDate,0,unbounded
nc:DocumentEntrySubmitter,0,unbounded
nc:DocumentEUDataPrivacyIndicator,0,unbounded
nc:DocumentExpirationDate,0,unbounded
nc:DocumentFileControlID,0,unbounded
nc:DocumentFiledDate,0,unbounded
nc:DocumentFileExtensionText,0,unbounded
nc:DocumentFileName,0,unbounded
nc:DocumentFormatCategoryAbstract,0,unbounded
nc:DocumentFormatAbstract,0,unbounded
nc:DocumentGroupID,0,unbounded
nc:DocumentIdentification,0,unbounded
nc:DocumentInformationCutOffDate,0,unbounded
nc:DocumentIntelligenceCategoryAbstract,0,unbounded
nc:DocumentIssuanceLocation,0,unbounded
nc:DocumentIssueDate,0,unbounded
nc:DocumentKeywordAbstract,0,unbounded
nc:DocumentLanguage,0,unbounded
nc:DocumentLastModifiedDate,0,unbounded
nc:DocumentLocation,0,unbounded
nc:DocumentLocationURI,0,unbounded
nc:DocumentManagementCyclePeriodText,0,unbounded
nc:DocumentOtherRecipient,0,unbounded
nc:DocumentPermanentRecordIndicator,0,unbounded
nc:DocumentPhysicalMediumCategoryAbstract,0,unbounded
nc:DocumentPhysicalMediumText,0,unbounded
nc:DocumentPostDate,0,unbounded
nc:DocumentPrivacyActIndicator,0,unbounded
nc:DocumentPublicationDate,0,unbounded
nc:DocumentReceivedDate,0,unbounded
nc:DocumentRecipient,0,unbounded
nc:DocumentRelatedResourceText,0,unbounded
nc:DocumentRightsText,0,unbounded
nc:DocumentSensitivityAbstract,0,unbounded
nc:DocumentSequenceID,0,unbounded
nc:DocumentSoftware,0,unbounded
nc:DocumentSource,0,unbounded
nc:DocumentSourceText,0,unbounded
nc:DocumentStatus,0,unbounded
nc:DocumentStatusCategoryAbstract,0,unbounded
nc:DocumentSubjectAbstract,0,unbounded
nc:DocumentSubmissionAmount,0,unbounded
nc:DocumentSubmitter,0,unbounded
nc:DocumentSummaryText,0,unbounded
nc:DocumentSupplementalMarkingText,0,unbounded
nc:DocumentTitleAlternativeText,0,unbounded
nc:DocumentTitleText,0,unbounded
nc:DocumentVitalIndicator,0,unbounded
nc:DocumentAugmentationPoint,0,unbounded
nc:RangeMaximumDoubleValue,0,unbounded
nc:RangeMinimumDoubleValue,0,unbounded
nc:DoubleRangeAugmentationPoint,0,unbounded
nc:DrugDaysSupplyQuantity,0,unbounded
nc:DrugStrengthText,0,unbounded
nc:DrugClassScheduleAbstract,0,unbounded
nc:DrugCoverageExceptionReasonText,0,unbounded
nc:DrugAugmentationPoint,0,unbounded
nc:EducationLevelRepresentation,0,unbounded
nc:EducationLevelAugmentationPoint,0,unbounded
nc:EducationQualificationRepresentation,0,unbounded
nc:EducationQualificationIssuedDate,0,unbounded
nc:EducationQualificationExpirationDate,0,unbounded
nc:EducationQualificationInstitution,0,unbounded
nc:EducationQualificationDescriptionText,0,unbounded
nc:EducationQualificationLevel,0,unbounded
nc:EducationQualificationAugmentationPoint,0,unbounded
nc:EducationDescriptionText,0,unbounded
nc:EducationInProgressIndicator,0,unbounded
nc:EducationLevel,0,unbounded
nc:EducationQualification,0,unbounded
nc:EducationStatus,0,unbounded
nc:EducationAugmentationPoint,0,unbounded
nc:ElectronicAddressDescriptionText,0,unbounded
nc:MACAddressID,0,unbounded
nc:IPv4AddressID,0,unbounded
nc:IPv6AddressID,0,unbounded
nc:URLID,0,unbounded
nc:ElectronicAddressAugmentationPoint,0,unbounded
nc:EmployeeRegistrationAbstract,0,unbounded
nc:EmployeeSupervisorIndicator,0,unbounded
nc:EmployeeAssignmentAssociationAugmentationPoint,0,unbounded
nc:EmployerAugmentationPoint,0,unbounded
nc:Employee,0,unbounded
nc:Employer,0,unbounded
nc:EmployeeAssignmentAssociation,0,unbounded
nc:EmployeeContactInformation,0,unbounded
nc:EmployeeFullTimeIndicator,0,unbounded
nc:EmployeeHoursFixedIndicator,0,unbounded
nc:EmployeeHoursDailyQuantity,0,unbounded
nc:EmployeeHoursWeeklyQuantity,0,unbounded
nc:EmployeeHoursMonthlyQuantity,0,unbounded
nc:EmployeeIdentification,0,unbounded
nc:EmploymentLengthAbstract,0,unbounded
nc:EmploymentLocation,0,unbounded
nc:EmployeeOccupationAbstract,0,unbounded
nc:EmployeeOccupationCategoryAbstract,0,unbounded
nc:EmployeePayAbstract,0,unbounded
nc:EmployeePayHourlyIndicator,0,unbounded
nc:EmployeePosition,0,unbounded
nc:EmployeeRankAbstract,0,unbounded
nc:EmployeeSchedule,0,unbounded
nc:EmployeeScheduleFixedIndicator,0,unbounded
nc:EmployeeShiftAbstract,0,unbounded
nc:EmploymentStatus,0,unbounded
nc:EmployeeSupervisor,0,unbounded
nc:EmploymentAssociationAugmentationPoint,0,unbounded
nc:EmploymentPosition,0,unbounded
nc:Status,0,unbounded
nc:EmploymentPositionOrganizationAssociationAugmentationPoint,0,unbounded
nc:EmploymentPositionBargainingExclusionAbstract,0,unbounded
nc:EmploymentPositionBargainingUnitAbstract,0,unbounded
nc:EmploymentPositionBasisAbstract,0,unbounded
nc:EmploymentPositionDepartmentName,0,unbounded
nc:EmploymentPositionDutyText,0,unbounded
nc:EmploymentPositionEssentialIndicator,0,unbounded
nc:EmploymentPositionEssentialLanguage,0,unbounded
nc:EmploymentPositionIdentification,0,unbounded
nc:EmploymentPositionLocation,0,unbounded
nc:EmploymentPositionAbstract,0,unbounded
nc:EmploymentPositionRequiredEducationAbstract,0,unbounded
nc:EmploymentPositionRequiredJobSkillAbstract,0,unbounded
nc:EmploymentPositionSecurityClearanceLevelAbstract,0,unbounded
nc:EmploymentPositionSupervisoryPosition,0,unbounded
nc:EmploymentPositionTemporaryIndicator,0,unbounded
nc:EmploymentPositionAugmentationPoint,0,unbounded
nc:EncounterCategoryAbstract,0,unbounded
nc:EncounterClassificationAugmentationPoint,0,unbounded
nc:EntityRepresentation,0,unbounded
nc:EntityLegalIndicator,0,unbounded
nc:EntityAugmentationPoint,0,unbounded
nc:RoleOfItem,0,unbounded
nc:EquipmentIdentification,0,unbounded
nc:EquipmentName,0,unbounded
nc:EquipmentAugmentationPoint,0,unbounded
nc:FacilityAssociationAugmentationPoint,0,unbounded
nc:FacilityDocumentAssociationAugmentationPoint,0,unbounded
nc:FacilityFunctionAbstract,0,unbounded
nc:FacilityFunctionAugmentationPoint,0,unbounded
nc:Image,0,unbounded
nc:FacilityImageAssociationAugmentationPoint,0,unbounded
nc:FacilityPersonAssociationAugmentationPoint,0,unbounded
nc:FacilitySiteAssociationAugmentationPoint,0,unbounded
nc:ParentFacility,0,unbounded
nc:SubFacility,0,unbounded
nc:FacilitySubFacilityAssociationAugmentationPoint,0,unbounded
nc:FacilityIdentification,0,unbounded
nc:FacilityName,0,unbounded
nc:FacilityCategory,0,unbounded
nc:FacilityLocation,0,unbounded
nc:FacilityContactInformation,0,unbounded
nc:FacilityContainsItem,0,unbounded
nc:FacilityCapacityDescriptionText,0,unbounded
nc:FacilityCapacityQuantity,0,unbounded
nc:FacilityDescriptionText,0,unbounded
nc:FacilityMaxOccupancyQuantity,0,unbounded
nc:FacilityMemberCategoryText,0,unbounded
nc:FacilityOperatingSchedule,0,unbounded
nc:FacilityOperationalStatus,0,unbounded
nc:FacilitySecurityLevelAbstract,0,unbounded
nc:FacilitySiteDiagram,0,unbounded
nc:FacilitySystemIdentification,0,unbounded
nc:FacilitySystemIPAddressID,0,unbounded
nc:FacilityUsage,0,unbounded
nc:FacilityAugmentationPoint,0,unbounded
nc:FinancialAccountHolderCode,0,unbounded
nc:FinancialAccountHolderAugmentationPoint,0,unbounded
nc:FinancialAccountCategoryText,0,unbounded
nc:FinancialAccountListedName,0,unbounded
nc:FinancialAccountNumberID,0,unbounded
nc:FinancialAccountPresentBalanceAmount,0,unbounded
nc:FinancialAccountClosedIndicator,0,unbounded
nc:FinancialAccountHolder,0,unbounded
nc:FinancialAccountAugmentationPoint,0,unbounded
nc:TelephoneNumberFullID,0,unbounded
nc:TelephoneSuffixID,0,unbounded
nc:FullTelephoneNumberAugmentationPoint,0,unbounded
nc:EntityName,0,unbounded
nc:EntityContactInformation,0,unbounded
nc:EntityDescriptionText,0,unbounded
nc:GenericEntityAugmentationPoint,0,unbounded
nc:HighwayFullText,0,unbounded
nc:HighwayName,0,unbounded
nc:HighwayID,0,unbounded
nc:HighwayPositionText,0,unbounded
nc:HighwayAugmentationPoint,0,unbounded
nc:IdentificationID,0,unbounded
nc:IdentificationJurisdiction,0,unbounded
nc:IdentificationCategoryAbstract,0,unbounded
nc:IdentificationCategoryDescriptionText,0,unbounded
nc:IdentificationEffectiveDate,0,unbounded
nc:IdentificationExpirationDate,0,unbounded
nc:IdentificationSourceText,0,unbounded
nc:IdentificationStatus,0,unbounded
nc:IdentificationAugmentationPoint,0,unbounded
nc:IdentityCharacteristics,0,unbounded
nc:IdentityCreationDate,0,unbounded
nc:IdentityCreationEventText,0,unbounded
nc:IdentityTerminationDate,0,unbounded
nc:IdentityTerminationEventText,0,unbounded
nc:IdentityAugmentationPoint,0,unbounded
nc:ImageHeightValue,0,unbounded
nc:ImageLocation,0,unbounded
nc:ImageWidthValue,0,unbounded
nc:ImageAugmentationPoint,0,unbounded
nc:IncidentEvent,0,unbounded
nc:IncidentJurisdictionalOrganization,0,unbounded
nc:IncidentObservationText,0,unbounded
nc:IncidentReportedNarrative,0,unbounded
nc:IncidentDayPeriodText,0,unbounded
nc:IncidentAugmentationPoint,0,unbounded
nc:InjuryCategoryAbstract,0,unbounded
nc:InjuryLocationAbstract,0,unbounded
nc:InjuryDate,0,unbounded
nc:InjuryDescriptionText,0,unbounded
nc:InjuryCauserAbstract,0,unbounded
nc:InjurySustainer,0,unbounded
nc:InjurySeverityAbstract,0,unbounded
nc:InjuryTreatment,0,unbounded
nc:InjuryAugmentationPoint,0,unbounded
nc:InstantMessengerServiceName,0,unbounded
nc:InstantMessengerScreenID,0,unbounded
nc:InstantMessengerAugmentationPoint,0,unbounded
nc:InsurancePolicyIdentification,0,unbounded
nc:InsuranceCarrierIdentification,0,unbounded
nc:InsuranceCarrierName,0,unbounded
nc:InsuranceActiveIndicator,0,unbounded
nc:InsuranceCancellationDate,0,unbounded
nc:InsuranceCertifiedDate,0,unbounded
nc:InsuranceCoverageCategoryAbstract,0,unbounded
nc:InsuranceCoveredItem,0,unbounded
nc:InsuranceEffectiveDateRange,0,unbounded
nc:InsurancePersonalIndicator,0,unbounded
nc:InsuranceAugmentationPoint,0,unbounded
nc:IntangibleItemCategoryAbstract,0,unbounded
nc:IntellectualItemBusinessAreaText,0,unbounded
nc:IntangibleItemAugmentationPoint,0,unbounded
nc:RangeMaximumIntegerValue,0,unbounded
nc:RangeMinimumIntegerValue,0,unbounded
nc:IntegerRangeAugmentationPoint,0,unbounded
nc:IntellectualPropertyRegistrationIdentification,0,unbounded
nc:IntellectualPropertyCreationDate,0,unbounded
nc:IntellectualPropertyCreationEventText,0,unbounded
nc:IntellectualPropertyRegistrationDate,0,unbounded
nc:IntellectualPropertyTerminationDate,0,unbounded
nc:IntellectualPropertyTerminationEventText,0,unbounded
nc:IntellectualPropertyAugmentationPoint,0,unbounded
nc:TelephoneCountryCodeID,0,unbounded
nc:TelephoneNumberID,0,unbounded
nc:InternationalTelephoneNumberAugmentationPoint,0,unbounded
nc:Container,0,unbounded
nc:ItemContainerAssociationAugmentationPoint,0,unbounded
nc:ItemDispositionAbstract,0,unbounded
nc:ItemDispositionLocation,0,unbounded
nc:ItemHoldingOrganization,0,unbounded
nc:ItemMovingOrganization,0,unbounded
nc:ItemDispositionAugmentationPoint,0,unbounded
nc:Entity,0,unbounded
nc:ItemEntityAssociationAugmentationPoint,0,unbounded
nc:Insurance,0,unbounded
nc:InsurancePolicyHolder,0,unbounded
nc:RelatedActivity,0,unbounded
nc:ItemInsuranceAssociationAugmentationPoint,0,unbounded
nc:Location,0,unbounded
nc:ItemLocationAssociationAugmentationPoint,0,unbounded
nc:ItemSeller,0,unbounded
nc:ItemPurchasePriceValue,0,unbounded
nc:ItemBuyer,0,unbounded
nc:ItemTransactionAugmentationPoint,0,unbounded
nc:ItemActionText,0,unbounded
nc:ItemAgeMeasure,0,unbounded
nc:ItemBarCodeIdentification,0,unbounded
nc:ItemBinary,0,unbounded
nc:ItemBrandName,0,unbounded
nc:ItemCategoryAbstract,0,unbounded
nc:ItemColorDescriptionText,0,unbounded
nc:ItemColorPrimaryAbstract,0,unbounded
nc:ItemColorSecondaryAbstract,0,unbounded
nc:ItemConditionAbstract,0,unbounded
nc:ItemCurrentResaleValue,0,unbounded
nc:ItemDealerIdentification,0,unbounded
nc:ItemDescriptionText,0,unbounded
nc:ItemDisposition,0,unbounded
nc:ItemFirstSoldYearDate,0,unbounded
nc:ItemHeightMeasure,0,unbounded
nc:ItemImage,0,unbounded
nc:ItemLeaseIndicator,0,unbounded
nc:ItemLengthMeasure,0,unbounded
nc:ItemMakeAbstract,0,unbounded
nc:ItemModelName,0,unbounded
nc:ItemModelYearDate,0,unbounded
nc:ItemName,0,unbounded
nc:ItemOtherIdentification,0,unbounded
nc:ItemOwner,0,unbounded
nc:ItemOwnerAppliedID,0,unbounded
nc:ItemOwnerPurchasedValue,0,unbounded
nc:ItemOwnershipCategoryAbstract,0,unbounded
nc:ItemPossessionDescriptionText,0,unbounded
nc:ItemPossessor,0,unbounded
nc:ItemQuantity,0,unbounded
nc:ItemReceiptIdentification,0,unbounded
nc:ItemRentalIndicator,0,unbounded
nc:ItemRFIdentification,0,unbounded
nc:ItemSalesTaxPercent,0,unbounded
nc:ItemSerialIdentification,0,unbounded
nc:ItemSizeDescriptionText,0,unbounded
nc:ItemStateIdentification,0,unbounded
nc:ItemStatus,0,unbounded
nc:ItemStyleAbstract,0,unbounded
nc:ItemUsageText,0,unbounded
nc:ItemValue,0,unbounded
nc:ItemVisibleID,0,unbounded
nc:ItemWeightMeasure,0,unbounded
nc:ItemWidthMeasure,0,unbounded
nc:ItemAugmentationPoint,0,unbounded
nc:ItemValueAmount,0,unbounded
nc:ItemValueAssigningMethodAbstract,0,unbounded
nc:ItemValueDate,0,unbounded
nc:ItemValueDescriptionText,0,unbounded
nc:ItemValueTaxIncludedIndicator,0,unbounded
nc:ItemValueAssigner,0,unbounded
nc:ItemValueAugmentationPoint,0,unbounded
nc:JurisdictionAbstract,0,unbounded
nc:JurisdictionDescriptionText,0,unbounded
nc:JurisdictionIdentification,0,unbounded
nc:JurisdictionLocation,0,unbounded
nc:JurisdictionRestrictionText,0,unbounded
nc:JurisdictionAugmentationPoint,0,unbounded
nc:LanguageRepresentation,0,unbounded
nc:LanguageAugmentationPoint,0,unbounded
nc:LatitudeDegreeValue,0,unbounded
nc:LatitudeMinuteValue,0,unbounded
nc:LatitudeSecondValue,0,unbounded
nc:LatitudeCoordinateAugmentationPoint,0,unbounded
nc:LengthUnitAbstract,0,unbounded
nc:LengthMeasureAugmentationPoint,0,unbounded
nc:LocaleCensusBlockID,0,unbounded
nc:LocaleCensusTractID,0,unbounded
nc:LocaleCommunityAbstract,0,unbounded
nc:LocaleDescriptionText,0,unbounded
nc:LocaleDistrictIdentification,0,unbounded
nc:LocaleDistrictName,0,unbounded
nc:LocaleEmergencyServicesName,0,unbounded
nc:LocaleFireJurisdictionID,0,unbounded
nc:LocaleJudicialDistrictAbstract,0,unbounded
nc:LocaleNeighborhoodName,0,unbounded
nc:LocalePoliceBeatText,0,unbounded
nc:LocalePoliceGridText,0,unbounded
nc:LocalePoliceJurisdictionID,0,unbounded
nc:LocaleRegionName,0,unbounded
nc:LocaleSubdivisionName,0,unbounded
nc:LocaleZoneName,0,unbounded
nc:LocaleEmergencyServicesJurisdictionID,0,unbounded
nc:LocaleAugmentationPoint,0,unbounded
nc:GeographicDatumAbstract,0,1
nc:GeographicCoordinateLatitude,1,1
nc:GeographicCoordinateLongitude,1,1
nc:Location2DGeospatialCoordinateAugmentationPoint,0,unbounded
nc:LocationHeightAbstract,0,unbounded
nc:Location3DGeospatialCoordinateAugmentationPoint,0,unbounded
nc:ContactInformation,0,unbounded
nc:LocationContactInformationAssociationAugmentationPoint,0,unbounded
nc:LocationHeightVerticalDatumAbstract,0,unbounded
nc:LocationHeightMeasureAugmentationPoint,0,unbounded
nc:LocationBedText,0,unbounded
nc:LocationBuildingText,0,unbounded
nc:LocationPartText,0,unbounded
nc:LocationRoomText,0,unbounded
nc:LocationSectionText,0,unbounded
nc:LocationSuiteText,0,unbounded
nc:LocationFloorText,0,unbounded
nc:LocationPartAugmentationPoint,0,unbounded
nc:LocationAddressAbstract,0,unbounded
nc:LocationArea,0,unbounded
nc:LocationCategoryAbstract,0,unbounded
nc:LocationContactInformation,0,unbounded
nc:LocationDescriptionText,0,unbounded
nc:LocationDirectionsText,0,unbounded
nc:LocationGeospatialCoordinateAbstract,0,unbounded
nc:LocationIdentification,0,unbounded
nc:LocationLandmarkAbstract,0,unbounded
nc:LocationLocale,0,unbounded
nc:LocationMapLocation,0,unbounded
nc:LocationName,0,unbounded
nc:LocationPart,0,unbounded
nc:LocationRangeDescriptionText,0,unbounded
nc:LocationRelativeLocation,0,unbounded
nc:LocationSurroundingAreaDescriptionText,0,unbounded
nc:LocationAugmentationPoint,0,unbounded
nc:LongitudeDegreeValue,0,unbounded
nc:LongitudeMinuteValue,0,unbounded
nc:LongitudeSecondValue,0,unbounded
nc:LongitudeCoordinateAugmentationPoint,0,unbounded
nc:ManifestCategoryAbstract,0,unbounded
nc:ManifestTransmittedDate,0,unbounded
nc:ManifestAugmentationPoint,0,unbounded
nc:MapCoordinateFullText,0,unbounded
nc:MapDate,0,unbounded
nc:MapElevationCoordinateText,0,unbounded
nc:MapHorizontalCoordinateText,0,unbounded
nc:MapLocationDescriptionText,0,unbounded
nc:MapName,0,unbounded
nc:MapPageID,0,unbounded
nc:MapQuadrantText,0,unbounded
nc:MapVersionID,0,unbounded
nc:MapVerticalCoordinateText,0,unbounded
nc:MapLocationAugmentationPoint,0,unbounded
nc:MeasureValueAbstract,0,unbounded
nc:MeasureCommentText,0,unbounded
nc:MeasureDate,0,unbounded
nc:MeasureDescriptionText,0,unbounded
nc:MeasureErrorAbstract,0,unbounded
nc:Measurer,0,unbounded
nc:MeasureUnitAbstract,0,unbounded
nc:MeasureMethodAbstract,0,unbounded
nc:MeasureEstimatedIndicator,0,unbounded
nc:MeasureAugmentationPoint,0,unbounded
nc:MedicalConditionDoctor,0,unbounded
nc:MedicalConditionText,0,unbounded
nc:MedicalConditionCauseText,0,unbounded
nc:MedicalConditionDescriptionText,0,unbounded
nc:MedicalConditionPresentIndicator,0,unbounded
nc:MedicalConditionSeverityAbstract,0,unbounded
nc:MedicalConditionDateRange,0,unbounded
nc:MedicalConditionAugmentationPoint,0,unbounded
nc:MessageID,0,unbounded
nc:MessageRecipientAbstract,0,unbounded
nc:MessageRecipientAddressID,0,unbounded
nc:MessageReceivedDate,0,unbounded
nc:MessageSenderAbstract,0,unbounded
nc:MessageSenderAddressID,0,unbounded
nc:MessageSentDate,0,unbounded
nc:MessageSubjectText,0,unbounded
nc:MessageText,0,unbounded
nc:MessageAttachmentAbstract,0,unbounded
nc:MessageCategoryAbstract,0,unbounded
nc:MessageReferenceID,0,unbounded
nc:MessageFATCAUsageRestrictionAbstract,0,unbounded
nc:MessageAugmentationPoint,0,unbounded
nc:AdministrativeID,0,unbounded
nc:Comment,0,unbounded
nc:ConfidencePercent,0,unbounded
nc:CreatorName,0,unbounded
nc:DescriptionText,0,unbounded
nc:DistributionText,0,unbounded
nc:EffectiveDate,0,unbounded
nc:EmptyReasonAbstract,0,unbounded
nc:EmptyReasonDescriptionText,0,unbounded
nc:ExpirationDate,0,unbounded
nc:Language,0,unbounded
nc:LastUpdatedDate,0,unbounded
nc:LastVerifiedDate,0,unbounded
nc:ProbabilityPercent,0,unbounded
nc:PublisherName,0,unbounded
nc:QualityComment,0,unbounded
nc:ReleaseDate,0,unbounded
nc:ReportedDate,0,unbounded
nc:ReportingOrganizationAbstract,0,unbounded
nc:ReportingPersonRoleAbstract,0,unbounded
nc:ReportingPersonAbstract,0,unbounded
nc:RepositoryID,0,unbounded
nc:SensitivityAbstract,0,unbounded
nc:SourceContactPersonAbstract,0,unbounded
nc:SourceIDText,0,unbounded
nc:SourceText,0,unbounded
nc:MilitaryBranchName,0,unbounded
nc:MilitaryCountry,0,unbounded
nc:MilitaryDischargeCategoryAbstract,0,unbounded
nc:MilitaryDischargeDate,0,unbounded
nc:MilitaryDischargeRankText,0,unbounded
nc:MilitaryDisciplinaryAction,0,unbounded
nc:MilitaryDutiesText,0,unbounded
nc:MilitaryEnlistmentDate,0,unbounded
nc:MilitaryExemptionDescriptionText,0,unbounded
nc:MilitaryExperienceIndicator,0,unbounded
nc:MilitaryHighRankText,0,unbounded
nc:MilitaryInductionDate,0,unbounded
nc:MilitaryPersonIdentification,0,unbounded
nc:MilitaryReleaseCategoryAbstract,0,unbounded
nc:MilitaryReleaseDate,0,unbounded
nc:MilitaryServiceActiveIndicator,0,unbounded
nc:MilitaryServiceTimeMeasure,0,unbounded
nc:MilitaryStatus,0,unbounded
nc:MilitaryWorkSkillText,0,unbounded
nc:MilitarySummaryAugmentationPoint,0,unbounded
nc:MissionName,0,unbounded
nc:MissionCommencementNoEarlierThanDate,0,unbounded
nc:MissionCommencementNoLaterThanDate,0,unbounded
nc:MissionID,0,unbounded
nc:MissionAugmentationPoint,0,unbounded
nc:TelephoneAreaCodeID,0,unbounded
nc:TelephoneExchangeID,0,unbounded
nc:TelephoneLineID,0,unbounded
nc:NANPTelephoneNumberAugmentationPoint,0,unbounded
nc:FinancialObligationExemptionAmount,0,unbounded
nc:ObligationExemptionDescriptionText,0,unbounded
nc:ObligationExemptionAugmentationPoint,0,unbounded
nc:ObligationPeriodAbstract,0,unbounded
nc:ObligationDateRange,0,unbounded
nc:ObligationRecurrenceAugmentationPoint,0,unbounded
nc:ObligationTotalAbstract,0,unbounded
nc:ObligationDueAbstract,0,unbounded
nc:ObligationPaidAbstract,0,unbounded
nc:ObligationCompleteIndicator,0,unbounded
nc:ObligationComplianceIndicator,0,unbounded
nc:ObligationDueDate,0,unbounded
nc:ObligationExemption,0,unbounded
nc:ObligationExemptionIndicator,0,unbounded
nc:ObligationPaidDate,0,unbounded
nc:ObligationProgressDescriptionText,0,unbounded
nc:ObligationRequirementDescriptionText,0,unbounded
nc:ObligationCategoryAbstract,0,unbounded
nc:ObligationEntity,0,unbounded
nc:ObligationEntityCategoryAbstract,0,unbounded
nc:ObligationRecipient,0,unbounded
nc:ObligationRecurrence,0,unbounded
nc:ObligationAugmentationPoint,0,unbounded
nc:OrganizationAssociationAugmentationPoint,0,unbounded
nc:OrganizationFacilityAssociationAugmentationPoint,0,unbounded
nc:OrganizationLocationAssociationAugmentationPoint,0,unbounded
nc:OrganizationAbbreviationText,0,unbounded
nc:OrganizationActiveIndicator,0,unbounded
nc:OrganizationActivityAbstract,0,unbounded
nc:OrganizationBranchName,0,unbounded
nc:OrganizationCategoryAbstract,0,unbounded
nc:OrganizationDayContactInformation,0,unbounded
nc:OrganizationDescriptionText,0,unbounded
nc:OrganizationDoingBusinessAsName,0,unbounded
nc:OrganizationEmergencyContactInformation,0,unbounded
nc:OrganizationEstablishedDate,0,unbounded
nc:OrganizationEveningContactInformation,0,unbounded
nc:OrganizationForeignAffiliate,0,unbounded
nc:OrganizationIdentification,0,unbounded
nc:OrganizationIncorporatedIndicator,0,unbounded
nc:OrganizationIncorporationDate,0,unbounded
nc:OrganizationIncorporationLocation,0,unbounded
nc:OrganizationJurisdiction,0,unbounded
nc:OrganizationLEIIdentification,0,unbounded
nc:OrganizationLicenseIdentification,0,unbounded
nc:OrganizationLocalIdentification,0,unbounded
nc:OrganizationLocation,0,unbounded
nc:OrganizationName,0,unbounded
nc:OrganizationNameEffectiveDate,0,unbounded
nc:OrganizationNameTerminationDate,0,unbounded
nc:OrganizationNightContactInformation,0,unbounded
nc:OrganizationOtherIdentification,0,unbounded
nc:OrganizationParentAbstract,0,unbounded
nc:OrganizationPrimaryContactInformation,0,unbounded
nc:OrganizationPrincipalOfficial,0,unbounded
nc:OrganizationServiceHoursAbstract,0,unbounded
nc:OrganizationSizeAbstract,0,unbounded
nc:OrganizationStatus,0,unbounded
nc:OrganizationSubUnit,0,unbounded
nc:OrganizationSubUnitName,0,unbounded
nc:OrganizationTaxIdentification,0,unbounded
nc:OrganizationTerminationDate,0,unbounded
nc:OrganizationUnitName,0,unbounded
nc:OrganizationValidDate,0,unbounded
nc:OrganizationAugmentationPoint,0,unbounded
nc:OrganizationUnit,0,unbounded
nc:OrganizationUnitAssociationAugmentationPoint,0,unbounded
nc:RollValue,0,unbounded
nc:OrientationAugmentationPoint,0,unbounded
nc:PassportNumberIdentification,0,unbounded
nc:PersonName,0,unbounded
nc:PersonBirthDate,0,unbounded
nc:PersonBirthLocation,0,unbounded
nc:PassportBookIdentification,0,unbounded
nc:PassportCategoryAbstract,0,unbounded
nc:PersonDigitalImage,0,unbounded
nc:PersonCitizenshipCountry,0,unbounded
nc:PassportElectronicIndicator,0,unbounded
nc:PassportIssuingOrganization,0,unbounded
nc:PersonSexAbstract,0,unbounded
nc:PassportStolenLostIndicator,0,unbounded
nc:PassportTransmissionTrackingID,0,unbounded
nc:PassportAugmentationPoint,0,unbounded
nc:PaymentAmount,0,unbounded
nc:PaymentMethodAbstract,0,unbounded
nc:PaymentAugmentationPoint,0,unbounded
nc:PermitIdentification,0,unbounded
nc:PermitCategoryAbstract,0,unbounded
nc:PermitRenewalDate,0,unbounded
nc:PermitStartDate,0,unbounded
nc:PermitUsageAbstract,0,unbounded
nc:PermitAugmentationPoint,0,unbounded
nc:PersonAssociationAugmentationPoint,0,unbounded
nc:PersonCitizenshipCategoryAbstract,0,unbounded
nc:PersonCitizenshipStatus,0,unbounded
nc:PersonCitizenshipAugmentationPoint,0,unbounded
nc:PersonConveyanceAssociationAugmentationPoint,0,unbounded
nc:PersonDisunionDecreeIndicator,0,unbounded
nc:PersonDisunionPendingIndicator,0,unbounded
nc:PersonDisunionReasonText,0,unbounded
nc:PersonDisunionAugmentationPoint,0,unbounded
nc:PersonDocumentAssociationAugmentationPoint,0,unbounded
nc:PersonArmedIndicator,0,unbounded
nc:PersonAssaultedOfficerIndicator,0,unbounded
nc:PersonPossessCreditCardIndicator,0,unbounded
nc:PersonFraudulentIdentificationIndicator,0,unbounded
nc:PersonJuvenileClaimedIndicator,0,unbounded
nc:PersonJuvenileVerifiedIndicator,0,unbounded
nc:EncounterClassification,0,unbounded
nc:EncounterCommentText,0,unbounded
nc:FingerprintTakenIndicator,0,unbounded
nc:PersonEncounterAugmentationPoint,0,unbounded
nc:Identity,0,unbounded
nc:IdentityStolenIndicator,0,unbounded
nc:PersonIdentityAssociationAugmentationPoint,0,unbounded
nc:PersonComprehendsSpokenLanguageIndicator,0,unbounded
nc:PersonReadsLanguageIndicator,0,unbounded
nc:PersonSpeaksLanguageIndicator,0,unbounded
nc:PersonWritesLanguageIndicator,0,unbounded
nc:PersonLanguageAugmentationPoint,0,unbounded
nc:PersonLocationAssociationAugmentationPoint,0,unbounded
nc:PersonNamePrefixAbstract,0,unbounded
nc:PersonGivenName,0,unbounded
nc:PersonMiddleName,0,unbounded
nc:PersonSurName,0,unbounded
nc:PersonNameSuffixText,0,unbounded
nc:PersonMaidenName,0,unbounded
nc:PersonFullName,0,unbounded
nc:PersonNameCategoryAbstract,0,unbounded
nc:PersonNameSalutationText,0,unbounded
nc:PersonOfficialGivenName,0,unbounded
nc:PersonPreferredName,0,unbounded
nc:PersonSurNamePrefixText,0,unbounded
nc:PersonNameAugmentationPoint,0,unbounded
nc:PersonNationalityCountry,0,unbounded
nc:PersonNationalityCategoryAbstract,0,unbounded
nc:PersonNationalityStatus,0,unbounded
nc:PersonNationalityAugmentationPoint,0,unbounded
nc:PersonOrganizationAssociationAugmentationPoint,0,unbounded
nc:ResidenceDescriptionText,0,unbounded
nc:ResidenceOccupancyCategoryAbstract,0,unbounded
nc:ResidencePaymentAmount,0,unbounded
nc:ResidencePaymentPeriodAbstract,0,unbounded
nc:PersonResidenceAssociationAugmentationPoint,0,unbounded
nc:PersonAccentText,0,unbounded
nc:PersonAgeDescriptionText,0,unbounded
nc:PersonAgeMeasure,0,unbounded
nc:PersonBloodTypeAbstract,0,unbounded
nc:PersonBodyXRaysAvailableAbstract,0,unbounded
nc:PersonBuildAbstract,0,unbounded
nc:PersonCapability,0,unbounded
nc:PersonCircumcisionIndicator,0,unbounded
nc:PersonCitizenship,0,unbounded
nc:PersonComplexionAbstract,0,unbounded
nc:PersonDeathDate,0,unbounded
nc:PersonDependentQuantity,0,unbounded
nc:PersonDescriptionText,0,unbounded
nc:PersonDigitizedSignatureImage,0,unbounded
nc:PersonDisguiseDescriptionText,0,unbounded
nc:PersonOrganDonorAbstract,0,unbounded
nc:PersonEducation,0,unbounded
nc:PersonEmployedIndicator,0,unbounded
nc:PersonEthnicityAbstract,0,unbounded
nc:PersonEyeColorAbstract,0,unbounded
nc:PersonEyewearAbstract,0,unbounded
nc:PersonFacialHairAbstract,0,unbounded
nc:PersonGeneralAppearanceDescriptionText,0,unbounded
nc:PersonHairAppearanceText,0,unbounded
nc:PersonHairCategoryAbstract,0,unbounded
nc:PersonHairColorAbstract,0,unbounded
nc:PersonHairLengthAbstract,0,unbounded
nc:PersonHairStyleAbstract,0,unbounded
nc:PersonHandednessAbstract,0,unbounded
nc:PersonHeightDescriptionText,0,unbounded
nc:PersonHeightMeasure,0,unbounded
nc:PersonHumanResourceIdentification,0,unbounded
nc:PersonInjury,0,unbounded
nc:PersonJewelryDescriptionText,0,unbounded
nc:PersonJobTitleText,0,unbounded
nc:PersonLanguageEnglishIndicator,0,unbounded
nc:PersonLearningDisabilityAbstract,0,unbounded
nc:PersonLicenseIdentification,0,unbounded
nc:PersonLivingIndicator,0,unbounded
nc:PersonMedicalCondition,0,unbounded
nc:PersonMedicalDescriptionText,0,unbounded
nc:PersonMedicalFileIndicator,0,unbounded
nc:PersonMedicationRequiredText,0,unbounded
nc:PersonMentalStateAbstract,0,unbounded
nc:PersonMilitarySummary,0,unbounded
nc:PersonMoodDescriptionText,0,unbounded
nc:PersonNationalIdentification,0,unbounded
nc:PersonOrganDonorIndicator,0,unbounded
nc:PersonOtherIdentification,0,unbounded
nc:PersonPassportIdentification,0,unbounded
nc:PersonPhysicalDisabilityText,0,unbounded
nc:PersonPhysicalFeature,0,unbounded
nc:PersonPrimaryLanguage,0,unbounded
nc:PersonRaceAbstract,0,unbounded
nc:PersonReligionAbstract,0,unbounded
nc:PersonResidentAbstract,0,unbounded
nc:PersonSecondaryLanguage,0,unbounded
nc:PersonSecurityClearanceAbstract,0,unbounded
nc:PersonSexualOrientationAbstract,0,unbounded
nc:PersonSkinToneAbstract,0,unbounded
nc:PersonSpeechDescriptionText,0,unbounded
nc:PersonSSNIdentification,0,unbounded
nc:PersonStateIdentification,0,unbounded
nc:PersonTaxIdentification,0,unbounded
nc:PersonUnemploymentStatus,0,unbounded
nc:PersonUnionStatusAbstract,0,unbounded
nc:PersonUSCitizenIndicator,0,unbounded
nc:PersonVisionPrescriptionText,0,unbounded
nc:PersonWeightDescriptionText,0,unbounded
nc:PersonWeightMeasure,0,unbounded
nc:PersonXRayImage,0,unbounded
nc:PersonNationality,0,unbounded
nc:PersonContactInformation,0,unbounded
nc:PersonEmergencyContactInformation,0,unbounded
nc:PersonHomeContactInformation,0,unbounded
nc:PersonAugmentationPoint,0,unbounded
nc:PersonDisunion,0,unbounded
nc:PersonUnionCertificateIndicator,0,unbounded
nc:PersonUnionLocation,0,unbounded
nc:PersonUnionSeparation,0,unbounded
nc:PersonUnionCategoryAbstract,0,unbounded
nc:PersonUnionAssociationAugmentationPoint,0,unbounded
nc:SeparationCategoryAbstract,0,unbounded
nc:SeparationDateRange,0,unbounded
nc:PersonUnionSeparationAugmentationPoint,0,unbounded
nc:PersonWorker,0,unbounded
nc:PersonWorkerAssociationAugmentationPoint,0,unbounded
nc:PhysicalFeatureGeneralCategoryAbstract,0,unbounded
nc:PhysicalFeatureCategoryAbstract,0,unbounded
nc:PhysicalFeatureDescriptionText,0,unbounded
nc:PhysicalFeatureImage,0,unbounded
nc:PhysicalFeatureLocationText,0,unbounded
nc:PhysicalFeatureAugmentationPoint,0,unbounded
nc:PlanActivationDecisionText,0,unbounded
nc:PlanApprovalDate,0,unbounded
nc:PlanApprovalEntity,0,unbounded
nc:PlanAssignedPerson,0,unbounded
nc:PlanComment,0,unbounded
nc:PlanCreatedDate,0,unbounded
nc:PlanDateRange,0,unbounded
nc:PlanEstimatedFulfillmentDate,0,unbounded
nc:PlanIdentification,0,unbounded
nc:PlanName,0,unbounded
nc:PlanOperationalObjectiveText,0,unbounded
nc:PlanPurposeText,0,unbounded
nc:PlanReleaseDate,0,unbounded
nc:PlanReport,0,unbounded
nc:PlanRevisionReleaseDate,0,unbounded
nc:PlanTargetOutcomeText,0,unbounded
nc:PlanTask,0,unbounded
nc:PlanUpdatedDate,0,unbounded
nc:PlanAugmentationPoint,0,unbounded
nc:PolygonNodeLocation,0,unbounded
nc:PolygonRegionAugmentationPoint,0,unbounded
nc:PreviousActivity,0,unbounded
nc:PreviousActivityAssociationAugmentationPoint,0,unbounded
nc:ProgramPerson,0,unbounded
nc:ProgramAction,0,unbounded
nc:ProgramCapacityQuantity,0,unbounded
nc:ProgramCondition,0,unbounded
nc:ProgramFacility,0,unbounded
nc:ProgramPubliclyRunIndicator,0,unbounded
nc:ProgramPurposeText,0,unbounded
nc:ProgramReferral,0,unbounded
nc:ProgramAdministrator,0,unbounded
nc:ProgramRelease,0,unbounded
nc:ProgramSupervisor,0,unbounded
nc:ProgramResidentialIndicator,0,unbounded
nc:ProgramSupervisedIndicator,0,unbounded
nc:ProgramAugmentationPoint,0,unbounded
nc:ProgressComplianceIndicator,0,unbounded
nc:ProgressComplianceAbstract,0,unbounded
nc:ProgressPaymentAmount,0,unbounded
nc:ProgressTimeQuantityText,0,unbounded
nc:ProgressAugmentationPoint,0,unbounded
nc:RoleOfDocument,0,unbounded
nc:PublicationAuthorText,0,unbounded
nc:PublicationDate,0,unbounded
nc:PublicationISBNID,0,unbounded
nc:PublicationISSNID,0,unbounded
nc:PublicationLibraryClassificationIdentification,0,unbounded
nc:PublicationPageText,0,unbounded
nc:PublicationPublisherText,0,unbounded
nc:PublicationSubjectText,0,unbounded
nc:PublicationTitleText,0,unbounded
nc:PublicationAugmentationPoint,0,unbounded
nc:PublicServiceName,0,unbounded
nc:PublicServiceDescriptionText,0,unbounded
nc:PublicServiceCategoryAbstract,0,unbounded
nc:PublicServiceLanguage,0,unbounded
nc:PublicServiceWebsiteURI,0,unbounded
nc:PublicServiceChannelAbstract,0,unbounded
nc:PublicServiceLocation,0,unbounded
nc:PublicServiceRequiredService,0,unbounded
nc:PublicServiceRelatedService,0,unbounded
nc:PublicServiceInputResourceDocument,0,unbounded
nc:PublicServiceOutputResourceDocument,0,unbounded
nc:PublicServiceRelatedLocation,0,unbounded
nc:PublicServiceAvailabilitySchedule,0,unbounded
nc:PublicServiceAugmentationPoint,0,unbounded
nc:RealEstateAcreageText,0,unbounded
nc:RealEstateBoundaryDescriptionText,0,unbounded
nc:RealEstateAttachedFacility,0,unbounded
nc:RealEstateAugmentationPoint,0,unbounded
nc:RecommendationDescriptionText,0,unbounded
nc:RecommendationEntity,0,unbounded
nc:RecommendationSubjectText,0,unbounded
nc:RecommendationDate,0,unbounded
nc:RecommendationCategoryAbstract,0,unbounded
nc:RecommendationComment,0,unbounded
nc:RecommendationText,0,unbounded
nc:RecommendationAugmentationPoint,0,unbounded
nc:ReferralActivity,0,unbounded
nc:ReferralIssuer,0,unbounded
nc:ReferralMandatoryIndicator,0,unbounded
nc:ReferralSupervisor,0,unbounded
nc:ReferralItem,0,unbounded
nc:ReferralEntity,0,unbounded
nc:ReferralPerson,0,unbounded
nc:ReferralAugmentationPoint,0,unbounded
nc:ActivityRelationAbstract,0,unbounded
nc:RelatedActivityAssociationAugmentationPoint,0,unbounded
nc:RelativeLocationDescriptionText,0,unbounded
nc:RelativeLocationDirectionAbstract,0,unbounded
nc:RelativeLocationDistanceMeasure,0,unbounded
nc:RelativeLocationHeadingValue,0,unbounded
nc:RelativeLocationReferencePoint,0,unbounded
nc:RelativeLocationAugmentationPoint,0,unbounded
nc:ReleasePerson,0,unbounded
nc:ReleaseFromLocation,0,unbounded
nc:ReleaseIssuer,0,unbounded
nc:ReleaseItem,0,unbounded
nc:ReleaseRecipient,0,unbounded
nc:ReleaseToLocation,0,unbounded
nc:ReleaseSupervisor,0,unbounded
nc:ReleaseAugmentationPoint,0,unbounded
nc:ReportAssignee,0,unbounded
nc:ReportCoverageDateRange,0,unbounded
nc:ReportDueDate,0,unbounded
nc:ReportFrequencyAbstract,0,unbounded
nc:ReportID,0,unbounded
nc:ReportTemplateCategoryAbstract,0,unbounded
nc:ReportAugmentationPoint,0,unbounded
nc:RequestContactInformation,0,unbounded
nc:RequestDate,0,unbounded
nc:RequestDecisionText,0,unbounded
nc:RequestDescriptionText,0,unbounded
nc:RequestIdentification,0,unbounded
nc:RequestText,0,unbounded
nc:RequestDecisionDate,0,unbounded
nc:RequestCategoryAbstract,0,unbounded
nc:RequestStatus,0,unbounded
nc:RequestAugmentationPoint,0,unbounded
nc:ScheduleActivityText,0,unbounded
nc:ScheduleDayAbstract,0,unbounded
nc:ScheduleDayStatus,0,unbounded
nc:ScheduleTimeRange,0,unbounded
nc:SchedulePerson,0,unbounded
nc:ScheduleDayStartTime,0,unbounded
nc:ScheduleDayEndTime,0,unbounded
nc:ScheduleDayAugmentationPoint,0,unbounded
nc:ScheduleDescriptionText,0,unbounded
nc:ScheduleEffectiveDateRange,0,unbounded
nc:ScheduleExceptionsDescriptionText,0,unbounded
nc:ScheduleNonStopIndicator,0,unbounded
nc:ScheduleStatus,0,unbounded
nc:ScheduleWeekAbstract,0,unbounded
nc:ScheduleAugmentationPoint,0,unbounded
nc:SecuritiesCollectionDateRange,0,unbounded
nc:SecuritiesDateSeriesAbstract,0,unbounded
nc:SecuritiesDenominationAbstract,0,unbounded
nc:SecuritiesCategoryAbstract,0,unbounded
nc:SecuritiesIssuer,0,unbounded
nc:SecuritiesAugmentationPoint,0,unbounded
nc:SiteLocation,0,unbounded
nc:SiteMobileDescriptionText,0,unbounded
nc:SiteMobileIndicator,0,unbounded
nc:SiteOwnerEntity,0,unbounded
nc:SiteSpecialInformationText,0,unbounded
nc:SiteAugmentationPoint,0,unbounded
nc:SoftwareComponentVersionID,0,unbounded
nc:SoftwareComponentAugmentationPoint,0,unbounded
nc:SoftwareName,0,unbounded
nc:SoftwareComponent,0,unbounded
nc:SoftwareDescriptionText,0,unbounded
nc:SoftwareVendorName,0,unbounded
nc:SoftwareVersionText,0,unbounded
nc:SoftwareAugmentationPoint,0,unbounded
nc:SpeedUnitAbstract,0,unbounded
nc:SpeedMeasureAugmentationPoint,0,unbounded
nc:StateRepresentation,0,unbounded
nc:StateAugmentationPoint,0,unbounded
nc:StatusAbstract,0,unbounded
nc:StatusCommentText,0,unbounded
nc:StatusDescriptionText,0,unbounded
nc:StatusIssuerIdentification,0,unbounded
nc:StatusIssuerText,0,unbounded
nc:StatusDate,0,unbounded
nc:StatusAugmentationPoint,0,unbounded
nc:StreetDirectionalRepresentation,0,unbounded
nc:StreetDirectionalAugmentationPoint,0,unbounded
nc:StreetFullText,0,unbounded
nc:StreetNumberText,0,unbounded
nc:StreetPredirectional,0,unbounded
nc:StreetName,0,unbounded
nc:StreetCategoryAbstract,0,unbounded
nc:StreetPostdirectional,0,unbounded
nc:StreetExtensionText,0,unbounded
nc:StreetAugmentationPoint,0,unbounded
nc:SubstanceUnitAbstract,0,unbounded
nc:SubstanceMeasureAugmentationPoint,0,unbounded
nc:SubstanceCategoryAbstract,0,unbounded
nc:SubstanceAbstract,0,unbounded
nc:SubstanceContainerDescriptionText,0,unbounded
nc:SubstanceQuantityMeasure,0,unbounded
nc:SubstanceCompositionDescriptionText,0,unbounded
nc:SubstanceFormAbstract,0,unbounded
nc:SubstanceFoundDescriptionText,0,unbounded
nc:SubstanceAugmentationPoint,0,unbounded
nc:SupervisionCurrentIndicator,0,unbounded
nc:SupervisionCustodyStatus,0,unbounded
nc:SupervisionFacility,0,unbounded
nc:SupervisionMandatoryIndicator,0,unbounded
nc:SupervisionRelease,0,unbounded
nc:SupervisionPerson,0,unbounded
nc:SupervisionPersonStatus,0,unbounded
nc:SupervisionSupervisor,0,unbounded
nc:SupervisionAugmentationPoint,0,unbounded
nc:SystemOperatingModeAbstract,0,unbounded
nc:SystemUserNameAbstract,0,unbounded
nc:SystemAuditEventAugmentationPoint,0,unbounded
nc:SystemName,0,unbounded
nc:SystemIdentificationAugmentationPoint,0,unbounded
nc:TaskAssignedDate,0,unbounded
nc:TaskAssignedEntity,0,unbounded
nc:TaskCompletedIndicator,0,unbounded
nc:TaskCompletedPercent,0,unbounded
nc:TaskDescriptionText,0,unbounded
nc:TaskDueDate,0,unbounded
nc:TaskEndDate,0,unbounded
nc:TaskFunctionAbstract,0,unbounded
nc:TaskID,0,unbounded
nc:TaskLocation,0,unbounded
nc:TaskName,0,unbounded
nc:TaskOutcomeDescriptionText,0,unbounded
nc:TaskStartDate,0,unbounded
nc:TaskStatus,0,unbounded
nc:TaskSuccessCriteriaText,0,unbounded
nc:TaskAugmentationPoint,0,unbounded
nc:SIMCard,0,unbounded
nc:TelecommunicationDeviceSIMCardAssociationAugmentationPoint,0,unbounded
nc:TelephoneNumberAbstract,0,unbounded
nc:TelephoneNumberCategoryAbstract,0,unbounded
nc:TelephoneNumberDescriptionText,0,unbounded
nc:TelephoneNumberAugmentationPoint,0,unbounded
nc:TemperatureUnitAbstract,0,unbounded
nc:TemperatureMeasureAugmentationPoint,0,unbounded
nc:TimeUnitAbstract,0,unbounded
nc:TimeMeasureAugmentationPoint,0,unbounded
nc:BeginTime,0,unbounded
nc:EndTime,0,unbounded
nc:TimeRangeAugmentationPoint,0,unbounded
nc:ConveyedItem,0,unbounded
nc:ConveyanceOperator,0,unbounded
nc:ConveyedPerson,0,unbounded
nc:ConveyancePassengerQuantity,0,unbounded
nc:TransportationAssociationAugmentationPoint,0,unbounded
nc:TreatmentText,0,unbounded
nc:TreatmentProvider,0,unbounded
nc:TreatmentAugmentationPoint,0,unbounded
nc:RangeMaximumUnsignedIntegerValue,0,unbounded
nc:RangeMinimumUnsignedIntegerValue,0,unbounded
nc:UnsignedIntegerRangeAugmentationPoint,0,unbounded
nc:VehicleCMVIndicator,0,unbounded
nc:VehicleColorInteriorAbstract,0,unbounded
nc:VehicleDoorQuantity,0,unbounded
nc:VehicleIdentification,0,unbounded
nc:VehicleMakeAbstract,0,unbounded
nc:VehicleModelAbstract,0,unbounded
nc:VehicleMSRPAmount,0,unbounded
nc:VehicleOdometerReadingMeasure,0,unbounded
nc:VehiclePassengerSafeQuantity,0,unbounded
nc:VehicleSeatingQuantity,0,unbounded
nc:VehicleTransmissionCategoryAbstract,0,unbounded
nc:VehicleAxleQuantity,0,unbounded
nc:VehicleCurrentWeightMeasure,0,unbounded
nc:VehicleGrossLadenSumWeightMeasure,0,unbounded
nc:VehicleGrossLadenUnitWeightMeasure,0,unbounded
nc:VehicleMaximumLoadWeightMeasure,0,unbounded
nc:VehicleUnladenWeightMeasure,0,unbounded
nc:VehicleAugmentationPoint,0,unbounded
nc:Bearing,0,unbounded
nc:VelocityMeasureAugmentationPoint,0,unbounded
nc:VesselMakeAbstract,0,unbounded
nc:VesselCategoryAbstract,0,unbounded
nc:VesselHullIdentification,0,unbounded
nc:VesselHullMaterialAbstract,0,unbounded
nc:VesselHullShapeAbstract,0,unbounded
nc:VesselPropulsionAbstract,0,unbounded
nc:VesselTrailer,0,unbounded
nc:VesselAugmentationPoint,0,unbounded
nc:VolumeUnitAbstract,0,unbounded
nc:VolumeMeasureAugmentationPoint,0,unbounded
nc:WeaponUser,0,unbounded
nc:WeaponInvolvedInActivity,0,unbounded
nc:WeaponUsageAbstract,0,unbounded
nc:WeaponAugmentationPoint,0,unbounded
nc:WeightUnitAbstract,0,unbounded
nc:WeightMeasureAugmentationPoint,0,unbounded
